,method,n_routes,time_minutes
0,apted,2,0.000947285
1,apted,5,0.00240078
2,apted,10,0.006654771
3,apted,20,0.018287019
4,apted,30,0.029618239
