n_routes,method,time_minutes
2,nx_ged,0.006579363346099853
5,nx_ged,0.26253119309743245
10,nx_ged,1.6602224230766296
20,nx_ged,4.171620253721873
30,nx_ged,7.022130171457927
